{
    "gvrh": {
        "atom_sequences": {
            "mean_mae_score": 0.13751482306765844,
            "std_mae_score": 0.0019316020484481957,
            "mean_rmse_score": 0.20366710941363989,
            "std_rmse_score": 0.007681213320785493,
            "std_score": 0.0019316020484481957,
        },
        "local_env": {
            "mean_mae_score": 0.12791956338601534,
            "std_mae_score": 0.004172764636414239,
            "mean_rmse_score": 0.18130645780478571,
            "std_rmse_score": 0.00684331538906867,
            "std_score": 0.004172764636414239,
        },
        "slices": {
            "mean_mae_score": 0.13206418772995218,
            "std_mae_score": 0.0021031269152335954,
            "mean_rmse_score": 0.18944266744286953,
            "std_rmse_score": 0.005975910612837729,
            "std_score": 0.0021031269152335954,
        },
        "composition": {
            "mean_mae_score": 0.14396809033122474,
            "std_mae_score": 0.004662611113681075,
            "mean_rmse_score": 0.2120687600671362,
            "std_rmse_score": 0.00849918134940657,
            "std_score": 0.004662611113681075,
        },
        "zmatrix": {
            "mean_mae_score": 0.13306621230644397,
            "std_mae_score": 0.003517053239490483,
            "mean_rmse_score": 0.19278788655110507,
            "std_rmse_score": 0.00652396612021663,
            "std_score": 0.003517053239490483,
        },
        "cif_symmetrized": {
            "mean_mae_score": 0.13127928787128348,
            "std_mae_score": 0.002473242135152849,
            "mean_rmse_score": 0.19131617918932514,
            "std_rmse_score": 0.008060585201252161,
            "std_score": 0.002473242135152849,
        },
        "atom_sequences_plusplus": {
            "mean_mae_score": 0.12948169199884735,
            "std_mae_score": 0.004600575804109977,
            "mean_rmse_score": 0.19122104174377114,
            "std_rmse_score": 0.01090601875476529,
            "std_score": 0.004600575804109977,
        },
        "cif_p1": {
            "mean_mae_score": 0.13335835464891704,
            "std_mae_score": 0.004445266942048487,
            "mean_rmse_score": 0.1937908576157501,
            "std_rmse_score": 0.006655668534644187,
            "std_score": 0.004445266942048487,
        },
        "crystal_text_llm": {
            "mean_mae_score": 0.12802813765997406,
            "std_mae_score": 0.0031211069861467105,
            "mean_rmse_score": 0.18766395154670393,
            "std_rmse_score": 0.007006153940884787,
            "std_score": 0.0031211069861467105,
        },
    },
    "kvrh": {
        "crystal_text_llm": {
            "mean_mae_score": 0.10323218811760167,
            "std_mae_score": 0.006556158512013201,
            "mean_rmse_score": 0.17970045364088616,
            "std_rmse_score": 0.004717236393709581,
            "std_score": 0.006556158512013201,
        },
        "atom_sequences_plusplus": {
            "mean_mae_score": 0.10355589757879893,
            "std_mae_score": 0.005389019782274947,
            "mean_rmse_score": 0.18010357017389794,
            "std_rmse_score": 0.006852985694307957,
            "std_score": 0.005389019782274947,
        },
        "cif_p1": {
            "mean_mae_score": 0.10939365592780348,
            "std_mae_score": 0.008032309803506488,
            "mean_rmse_score": 0.1845562739960363,
            "std_rmse_score": 0.010804302825236957,
            "std_score": 0.008032309803506488,
        },
        "cif_symmetrized": {
            "mean_mae_score": 0.11055550046295952,
            "std_mae_score": 0.014293641602548866,
            "mean_rmse_score": 0.18633519788029113,
            "std_rmse_score": 0.017795345017930585,
            "std_score": 0.014293641602548866,
        },
        "composition": {
            "mean_mae_score": 0.11454577811526438,
            "std_mae_score": 0.005789786455166385,
            "mean_rmse_score": 0.1955771685192148,
            "std_rmse_score": 0.006125533002090053,
            "std_score": 0.005789786455166385,
        },
        "zmatrix": {
            "mean_mae_score": 0.10800335174339863,
            "std_mae_score": 0.008011751422110872,
            "mean_rmse_score": 0.18554904985921222,
            "std_rmse_score": 0.008134106278741338,
            "std_score": 0.008011751422110872,
        },
        "slices": {
            "mean_mae_score": 0.10863559594906232,
            "std_mae_score": 0.011159903843764815,
            "mean_rmse_score": 0.18117861685854572,
            "std_rmse_score": 0.012318432995956868,
            "std_score": 0.011159903843764815,
        },
        "local_env": {
            "mean_mae_score": 0.10545766451787097,
            "std_mae_score": 0.006463866049842773,
            "mean_rmse_score": 0.1765214935247637,
            "std_rmse_score": 0.0053377855043632025,
            "std_score": 0.006463866049842773,
        },
        "atom_sequences": {
            "mean_mae_score": 0.10847461102800897,
            "std_mae_score": 0.004469164526279562,
            "mean_rmse_score": 0.18856309649585773,
            "std_rmse_score": 0.0025931628343269343,
            "std_score": 0.004469164526279562,
        },
    },
    "perovskites": {
        "composition": {
            "mean_mae_score": 0.4583849038486366,
            "std_mae_score": 0.008247128976266319,
            "mean_rmse_score": 0.6911161458009114,
            "std_rmse_score": 0.018110378840000257,
            "std_score": 0.008247128976266319,
        },
        "atom_sequences": {
            "mean_mae_score": 0.4566782161352295,
            "std_mae_score": 0.01104221138672979,
            "mean_rmse_score": 0.7156237771678494,
            "std_rmse_score": 0.021055422285550702,
            "std_score": 0.01104221138672979,
        },
        "cif_p1": {
            "mean_mae_score": 0.09486819702149545,
            "std_mae_score": 0.0033425089905863305,
            "mean_rmse_score": 0.12951469109985098,
            "std_rmse_score": 0.004086954747599159,
            "std_score": 0.0033425089905863305,
        },
        "cif_symmetrized": {
            "mean_mae_score": 0.1834667981390104,
            "std_mae_score": 0.008266580895497932,
            "mean_rmse_score": 0.28893791003472563,
            "std_rmse_score": 0.008357854948663078,
            "std_score": 0.008266580895497932,
        },
        "zmatrix": {
            "mean_mae_score": 0.10963667324726223,
            "std_mae_score": 0.004482442032953244,
            "mean_rmse_score": 0.1462964345221502,
            "std_rmse_score": 0.005611893929442139,
            "std_score": 0.004482442032953244,
        },
        "atom_sequences_plusplus": {
            "mean_mae_score": 0.26183835433471436,
            "std_mae_score": 0.00501829836612756,
            "mean_rmse_score": 0.39535298519613654,
            "std_rmse_score": 0.007915368669101934,
            "std_score": 0.00501829836612756,
        },
        "slices": {
            "mean_mae_score": 0.11653392426104378,
            "std_mae_score": 0.008401503099474208,
            "mean_rmse_score": 0.15523447697276732,
            "std_rmse_score": 0.009882331341158164,
            "std_score": 0.008401503099474208,
        },
        "local_env": {
            "mean_mae_score": 0.1001803945705551,
            "std_mae_score": 0.007086679656551278,
            "mean_rmse_score": 0.13919915446783357,
            "std_rmse_score": 0.008461464623591815,
            "std_score": 0.007086679656551278,
        },
        "crystal_text_llm": {
            "mean_mae_score": 0.09088395402375853,
            "std_mae_score": 0.0014296768772063464,
            "mean_rmse_score": 0.12412352200401089,
            "std_rmse_score": 0.0023166182381477514,
            "std_score": 0.0014296768772063464,
        },
    },
}