{
    "gvrh": {
        "atoms_sequences_plusplus": {
            "mean_mae_score": 0.13034691643870633,
            "std_mae_score": 0.006340138938308905,
            "mean_rmse_score": 0.19107758269572356,
            "std_rmse_score": 0.008939478550709756,
            "std_score": 0.006340138938308905,
        },
        "composition": {
            "mean_mae_score": 0.14330448117935274,
            "std_mae_score": 0.004276095959288166,
            "mean_rmse_score": 0.2095154431735568,
            "std_rmse_score": 0.00734817013696815,
            "std_score": 0.004276095959288166,
        },
        "atom_sequences": {
            "mean_mae_score": 0.13071813909413238,
            "std_mae_score": 0.005661633535828719,
            "mean_rmse_score": 0.1944325461217852,
            "std_rmse_score": 0.010325731190026045,
            "std_score": 0.005661633535828719,
        },
        "local_env": {
            "mean_mae_score": 0.12573855843532128,
            "std_mae_score": 0.005991744054170841,
            "mean_rmse_score": 0.18323996706471282,
            "std_rmse_score": 0.00936246940679742,
            "std_score": 0.005991744054170841,
        },
        "slices": {
            "mean_mae_score": 0.12268962474844772,
            "std_mae_score": 0.0034082690912423026,
            "mean_rmse_score": 0.17918860728781644,
            "std_rmse_score": 0.007259281096634727,
            "std_score": 0.0034082690912423026,
        },
        "zmatrix": {
            "mean_mae_score": 0.12049718113939975,
            "std_mae_score": 0.005174535262128779,
            "mean_rmse_score": 0.17833855802766382,
            "std_rmse_score": 0.00747991028048471,
            "std_score": 0.005174535262128779,
        },
        "cif_symmetrized": {
            "mean_mae_score": 0.12560906609305963,
            "std_mae_score": 0.005415970177768601,
            "mean_rmse_score": 0.18445722872605116,
            "std_rmse_score": 0.009070556866864506,
            "std_score": 0.005415970177768601,
        },
        "cif_p1": {
            "mean_mae_score": 0.12738308285904182,
            "std_mae_score": 0.002826080891600117,
            "mean_rmse_score": 0.1795329011464662,
            "std_rmse_score": 0.0054667478052379676,
            "std_score": 0.002826080891600117,
        },
        "crystal_text_llm": {
            "mean_mae_score": 0.12162472180979214,
            "std_mae_score": 0.003999440881906864,
            "mean_rmse_score": 0.17962782599929308,
            "std_rmse_score": 0.005369738414629275,
            "std_score": 0.003999440881906864,
        },
    },
    "kvrh": {
        "crystal_text_llm": {
            "mean_mae_score": 0.10877992593217603,
            "std_mae_score": 0.003411393524886056,
            "mean_rmse_score": 0.17097206929836745,
            "std_rmse_score": 0.004280036508379087,
            "std_score": 0.003411393524886056,
        },
        "cif_p1": {
            "mean_mae_score": 0.10559208805229067,
            "std_mae_score": 0.007055398480272356,
            "mean_rmse_score": 0.17192711291532342,
            "std_rmse_score": 0.009299698731221873,
            "std_score": 0.007055398480272356,
        },
        "cif_symmetrized": {
            "mean_mae_score": 0.11168235930862425,
            "std_mae_score": 0.004705667655951322,
            "mean_rmse_score": 0.1813552848358798,
            "std_rmse_score": 0.009789969227171558,
            "std_score": 0.004705667655951322,
        },
        "composition": {
            "mean_mae_score": 0.12407465707502643,
            "std_mae_score": 0.01233955472714637,
            "mean_rmse_score": 0.19693824853314595,
            "std_rmse_score": 0.012707908909863659,
            "std_score": 0.01233955472714637,
        },
        "zmatrix": {
            "mean_mae_score": 0.10066595690290411,
            "std_mae_score": 0.005851004733766314,
            "mean_rmse_score": 0.17341006284098384,
            "std_rmse_score": 0.008815856592845122,
            "std_score": 0.005851004733766314,
        },
        "slices": {
            "mean_mae_score": 0.10836787893517448,
            "std_mae_score": 0.0036066289599859013,
            "mean_rmse_score": 0.16848522144096637,
            "std_rmse_score": 0.005510709985019442,
            "std_score": 0.0036066289599859013,
        },
        "atom_sequences_pluplus": {
            "mean_mae_score": 0.10673854824600433,
            "std_mae_score": 0.002923977118860859,
            "mean_rmse_score": 0.17321582658883103,
            "std_rmse_score": 0.008982595639768658,
            "std_score": 0.002923977118860859,
        },
        "local_env": {
            "mean_mae_score": 0.10421897585703159,
            "std_mae_score": 0.006174741475892582,
            "mean_rmse_score": 0.16262862095811242,
            "std_rmse_score": 0.011749307848060178,
            "std_score": 0.006174741475892582,
        },
        "atom_sequences": {
            "mean_mae_score": 0.1131227207388695,
            "std_mae_score": 0.00323177933681998,
            "mean_rmse_score": 0.18716314162281256,
            "std_rmse_score": 0.011709391481041474,
            "std_score": 0.00323177933681998,
        },
    },
    "perovskites": {
        "composition": {
            "mean_mae_score": 0.4549475990595959,
            "std_mae_score": 0.00824043714301812,
            "mean_rmse_score": 0.6890124941092173,
            "std_rmse_score": 0.016273628580690785,
            "std_score": 0.00824043714301812,
        },
        "atom_sequences": {
            "mean_mae_score": 0.46234850554884466,
            "std_mae_score": 0.005248002007985896,
            "mean_rmse_score": 0.7363094609384355,
            "std_rmse_score": 0.009895306013078822,
            "std_score": 0.005248002007985896,
        },
        "cif_p1": {
            "mean_mae_score": 0.16946801907325953,
            "std_mae_score": 0.025542060660707716,
            "mean_rmse_score": 0.22722957172720237,
            "std_rmse_score": 0.03488170355333568,
            "std_score": 0.025542060660707716,
        },
        "slices": {
            "mean_mae_score": 0.09865652291938387,
            "std_mae_score": 0.00465755067254247,
            "mean_rmse_score": 0.13261612655070926,
            "std_rmse_score": 0.004821896017861062,
            "std_score": 0.00465755067254247,
        },
        "cif_symmetrized": {
            "mean_mae_score": 0.13350721206754218,
            "std_mae_score": 0.004603271636296793,
            "mean_rmse_score": 0.2055790906451321,
            "std_rmse_score": 0.013731642726803366,
            "std_score": 0.004603271636296793,
        },
        "zmatrix": {
            "mean_mae_score": 0.10957249939113792,
            "std_mae_score": 0.005344756522120465,
            "mean_rmse_score": 0.14611324105744875,
            "std_rmse_score": 0.005841691098163518,
            "std_score": 0.005344756522120465,
        },
        "atom_sequences_plusplus": {
            "mean_mae_score": 0.25463716270958636,
            "std_mae_score": 0.009085043851701781,
            "mean_rmse_score": 0.3936028991563693,
            "std_rmse_score": 0.008002520594580039,
            "std_score": 0.009085043851701781,
        },
        "local_env": {
            "mean_mae_score": 0.09118067356547553,
            "std_mae_score": 0.003637370327482019,
            "mean_rmse_score": 0.12482437450717532,
            "std_rmse_score": 0.004147988403629612,
            "std_score": 0.003637370327482019,
        },
        "crystal_text_llm": {
            "mean_mae_score": 0.08923938113092733,
            "std_mae_score": 0.004568558567882479,
            "mean_rmse_score": 0.12142691766055361,
            "std_rmse_score": 0.0070957432282350175,
            "std_score": 0.004568558567882479,
        },
    },
}