{
  "perovskites": {
    "slices": {
      "geometry_contribution": 0.03587961755692959,
      "composition_contribution": -0.020081072114408016,
      "volume": 56.84379998810633,
      "raw_errors": {
        "0.0": 0.033520109951496124,
        "0.2": 0.023615660145878792,
        "0.4": 0.016691187396645546,
        "0.5": 0.012649113312363625,
        "0.6": 0.009043409489095211,
        "0.8": 0.005635857582092285,
        "1.0": 0.0031870007514953613
      },
      "property": "perovskites"
    },
    "composition": {
      "geometry_contribution": 0.5437827557325363,
      "composition_contribution": -0.24591518263332546,
      "volume": 56.84379998810633,
      "raw_errors": {
        "0.0": 0.447478711605072,
        "0.2": 0.28295886516571045,
        "0.4": 0.17079409956932068,
        "0.5": 0.11914964020252228,
        "0.6": 0.08144016563892365,
        "0.8": 0.026448147371411324,
        "1.0": 0.0036454249639064074
      },
      "property": "perovskites"
    },
    "crystal_text_llm": {
      "geometry_contribution": 0.007192986086010933,
      "composition_contribution": -0.009650409687310457,
      "volume": 56.84379998810633,
      "raw_errors": {
        "0.0": 0.015714449808001518,
        "0.2": 0.013170941732823849,
        "0.4": 0.010358941741287708,
        "0.5": 0.010683782398700714,
        "0.6": 0.0084008714184165,
        "0.8": 0.009769448079168797,
        "1.0": 0.0042306180112063885
      },
      "property": "perovskites"
    },
    "zmatrix": {
      "geometry_contribution": 0.03018300049006939,
      "composition_contribution": -0.012938666855916381,
      "volume": 56.84379998810633,
      "raw_errors": {
        "0.0": 0.027104884386062622,
        "0.2": 0.017638640478253365,
        "0.4": 0.011769520118832588,
        "0.5": 0.008776681497693062,
        "0.6": 0.005469236057251692,
        "0.8": 0.003854117589071393,
        "1.0": 0.00406802399083972
      },
      "property": "perovskites"
    },
    "cif_p1": {
      "geometry_contribution": 0.006485758814960718,
      "composition_contribution": -0.0032897992059588432,
      "volume": 56.84379998810633,
      "raw_errors": {
        "0.0": 0.013144646771252155,
        "0.2": 0.010446463711559772,
        "0.4": 0.005091604311019182,
        "0.5": 0.007398985326290131,
        "0.6": 0.006475373171269894,
        "0.8": 0.0054546198807656765,
        "1.0": 0.0069771637208759785
      },
      "property": "perovskites"
    },
    "atom_sequences_plusplus": {
      "geometry_contribution": 0.13043146580457687,
      "composition_contribution": -0.0767673715017736,
      "volume": 56.84379998810633,
      "raw_errors": {
        "0.0": 0.11477100849151611,
        "0.2": 0.07940031588077545,
        "0.4": 0.051041051745414734,
        "0.5": 0.03826030343770981,
        "0.6": 0.0235124621540308,
        "0.8": 0.010129615664482117,
        "1.0": 0.004371460992842913
      },
      "property": "perovskites"
    }
  },
  "phonons": {
    "slices": {
      "geometry_contribution": 1.1907263398170471,
      "composition_contribution": -0.33484506607055664,
      "volume": 334.14556048507046,
      "raw_errors": {
        "0.0": 0.987032949924469,
        "0.2": 0.5595386624336243,
        "0.4": 0.28892630338668823,
        "0.5": 0.21492385864257812,
        "0.6": 0.1600688397884369,
        "0.8": 0.07498974353075027,
        "1.0": 0.07486792653799057
      },
      "property": "phonons"
    },
    "composition": {
      "geometry_contribution": 0.9643933773040771,
      "composition_contribution": -0.32789452373981476,
      "volume": 334.14556048507046,
      "raw_errors": {
        "0.0": 0.7400202751159668,
        "0.2": 0.5407278537750244,
        "0.4": 0.3245146572589874,
        "0.5": 0.21362313628196716,
        "0.6": 0.1528894305229187,
        "0.8": 0.08449336141347885,
        "1.0": 0.07559209316968918
      },
      "property": "phonons"
    },
    "crystal_text_llm": {
      "geometry_contribution": 1.1221826374530792,
      "composition_contribution": -0.2917642593383789,
      "volume": 334.14556048507046,
      "raw_errors": {
        "0.0": 0.8710082173347473,
        "0.2": 0.48177438974380493,
        "0.4": 0.31395551562309265,
        "0.5": 0.18151849508285522,
        "0.6": 0.13307373225688934,
        "0.8": 0.06908630579710007,
        "1.0": 0.05063118785619736
      },
      "property": "phonons"
    },
    "zmatrix": {
      "geometry_contribution": 0.8436548411846161,
      "composition_contribution": -0.3241199478507042,
      "volume": 334.14556048507046,
      "raw_errors": {
        "0.0": 0.7079601883888245,
        "0.2": 0.4675588011741638,
        "0.4": 0.25726285576820374,
        "0.5": 0.19637566804885864,
        "0.6": 0.1407550871372223,
        "0.8": 0.06659860163927078,
        "1.0": 0.05765336751937866
      },
      "property": "phonons"
    },
    "cif_p1": {
      "geometry_contribution": 1.0310793668031693,
      "composition_contribution": -0.32587189972400665,
      "volume": 334.14556048507046,
      "raw_errors": {
        "0.0": 0.7952705025672913,
        "0.2": 0.5208455324172974,
        "0.4": 0.3235858380794525,
        "0.5": 0.20287416875362396,
        "0.6": 0.1489635705947876,
        "0.8": 0.06732148677110672,
        "1.0": 0.06646554917097092
      },
      "property": "phonons"
    },
    "atom_sequences_plusplus": {
      "geometry_contribution": 1.2383660674095154,
      "composition_contribution": -0.42719659581780434,
      "volume": 334.14556048507046,
      "raw_errors": {
        "0.0": 0.9271559715270996,
        "0.2": 0.6887444853782654,
        "0.4": 0.33442848920822144,
        "0.5": 0.23732095956802368,
        "0.6": 0.17068055272102356,
        "0.8": 0.06946685910224915,
        "1.0": 0.044618871062994
      },
      "property": "phonons"
    }
  },
  "gvrh": {
    "slices": {
      "geometry_contribution": 0.2670418843626976,
      "composition_contribution": -0.13321716524660587,
      "volume": 1902.4725605461285,
      "raw_errors": {
        "0.0": 0.23122692108154297,
        "0.2": 0.16598986089229584,
        "0.4": 0.0919974148273468,
        "0.5": 0.074057437479496,
        "0.6": 0.04729209840297699,
        "0.8": 0.027476824820041656,
        "1.0": 0.014186223968863487
      },
      "property": "gvrh"
    },
    "composition": {
      "geometry_contribution": 0.3400038480758667,
      "composition_contribution": -0.15686919167637825,
      "volume": 1902.4725605461285,
      "raw_errors": {
        "0.0": 0.2905995547771454,
        "0.2": 0.18201033771038055,
        "0.4": 0.1200597882270813,
        "0.5": 0.08422194421291351,
        "0.6": 0.05311267450451851,
        "0.8": 0.02149209938943386,
        "1.0": 0.02119186706840992
      },
      "property": "gvrh"
    },
    "crystal_text_llm": {
      "geometry_contribution": 0.35741907730698586,
      "composition_contribution": -0.10134939756244421,
      "volume": 1902.4725605461285,
      "raw_errors": {
        "0.0": 0.23523595929145813,
        "0.2": 0.17926642298698425,
        "0.4": 0.12273599952459335,
        "0.5": 0.05993976816534996,
        "0.6": 0.047567665576934814,
        "0.8": 0.020486045628786087,
        "1.0": 0.01041619572788477
      },
      "property": "gvrh"
    },
    "zmatrix": {
      "geometry_contribution": 0.2376379519701004,
      "composition_contribution": -0.11095004994422197,
      "volume": 1902.4725605461285,
      "raw_errors": {
        "0.0": 0.1905340552330017,
        "0.2": 0.11986801028251648,
        "0.4": 0.09954548627138138,
        "0.5": 0.05743653327226639,
        "0.6": 0.03738412261009216,
        "0.8": 0.015198508277535439,
        "1.0": 0.008776918984949589
      },
      "property": "gvrh"
    },
    "cif_p1": {
      "geometry_contribution": 0.31853245943784714,
      "composition_contribution": -0.14224347658455372,
      "volume": 1902.4725605461285,
      "raw_errors": {
        "0.0": 0.27893152832984924,